"","NucSubst","ObsFr","Colour","ExpFr","ObsToExp","Context"
"1","AAA>ACA",3141,"A>C",923,3.40303358613218,"AxA"
"2","AAA>AGA",11253,"A>G",923,12.1917659804984,"AxA"
"3","AAA>AUA",1068,"A>U",923,1.15709642470206,"AxA"
"4","AAC>ACC",1851,"A>C",615,3.00975609756098,"AxC"
"5","AAC>AGC",7881,"A>G",615,12.8146341463415,"AxC"
"6","AAC>AUC",516,"A>U",615,0.839024390243902,"AxC"
"7","AAG>ACG",2571,"A>C",580,4.43275862068965,"AxG"
"8","AAG>AGG",15717,"A>G",580,27.098275862069,"AxG"
"9","AAG>AUG",1521,"A>U",580,2.62241379310345,"AxG"
"10","AAU>ACU",4278,"A>C",761,5.6215505913272,"AxU"
"11","AAU>AGU",10884,"A>G",761,14.3022339027595,"AxU"
"12","AAU>AUU",924,"A>U",761,1.21419185282523,"AxU"
"13","ACA>AAA",3048,"C>A",809,3.76761433868974,"AxA"
"14","ACA>AGA",3726,"C>G",809,4.60568603213844,"AxA"
"15","ACA>AUA",74094,"C>U",809,91.5871446229913,"AxA"
"16","ACC>AAC",1803,"C>A",376,4.79521276595745,"AxC"
"17","ACC>AGC",393,"C>G",376,1.04521276595745,"AxC"
"18","ACC>AUC",30069,"C>U",376,79.9707446808511,"AxC"
"19","ACG>AAG",2145,"C>A",164,13.0792682926829,"AxG"
"20","ACG>AGG",462,"C>G",164,2.81707317073171,"AxG"
"21","ACG>AUG",23193,"C>U",164,141.420731707317,"AxG"
"22","ACU>AAU",4116,"C>A",674,6.10682492581602,"AxU"
"23","ACU>AGU",987,"C>G",674,1.46439169139466,"AxU"
"24","ACU>AUU",62160,"C>U",674,92.2255192878338,"AxU"
"25","AGA>AAA",12159,"G>A",605,20.097520661157,"AxA"
"26","AGA>ACA",3717,"G>C",605,6.14380165289256,"AxA"
"27","AGA>AUA",15480,"G>U",605,25.5867768595041,"AxA"
"28","AGC>AAC",8496,"G>A",301,28.2259136212625,"AxC"
"29","AGC>ACC",309,"G>C",301,1.0265780730897,"AxC"
"30","AGC>AUC",9342,"G>U",301,31.0365448504983,"AxC"
"31","AGG>AAG",16353,"G>A",329,49.7051671732523,"AxG"
"32","AGG>ACG",474,"G>C",329,1.44072948328267,"AxG"
"33","AGG>AUG",9459,"G>U",329,28.7507598784195,"AxG"
"34","AGU>AAU",11622,"G>A",507,22.9230769230769,"AxU"
"35","AGU>ACU",858,"G>C",507,1.69230769230769,"AxU"
"36","AGU>AUU",18252,"G>U",507,36,"AxU"
"37","AUA>AAA",963,"U>A",471,2.04458598726115,"AxA"
"38","AUA>ACA",72954,"U>C",471,154.891719745223,"AxA"
"39","AUA>AGA",12738,"U>G",471,27.0445859872611,"AxA"
"40","AUC>AAC",564,"U>A",339,1.66371681415929,"AxC"
"41","AUC>ACC",30750,"U>C",339,90.7079646017699,"AxC"
"42","AUC>AGC",7836,"U>G",339,23.1150442477876,"AxC"
"43","AUG>AAG",1368,"U>A",725,1.88689655172414,"AxG"
"44","AUG>ACG",24246,"U>C",725,33.4427586206897,"AxG"
"45","AUG>AGG",7638,"U>G",725,10.5351724137931,"AxG"
"46","AUU>AAU",813,"U>A",773,1.05174644243208,"AxU"
"47","AUU>ACU",61131,"U>C",773,79.0827943078913,"AxU"
"48","AUU>AGU",15183,"U>G",773,19.6416558861578,"AxU"
"49","CAA>CCA",1959,"A>C",703,2.78662873399715,"CxA"
"50","CAA>CGA",4452,"A>G",703,6.33285917496444,"CxA"
"51","CAA>CUA",3576,"A>U",703,5.08677098150782,"CxA"
"52","CAC>CCC",495,"A>C",459,1.07843137254902,"CxC"
"53","CAC>CGC",5349,"A>G",459,11.6535947712418,"CxC"
"54","CAC>CUC",1086,"A>U",459,2.36601307189542,"CxC"
"55","CAG>CCG",1071,"A>C",438,2.44520547945205,"CxG"
"56","CAG>CGG",6600,"A>G",438,15.0684931506849,"CxG"
"57","CAG>CUG",3843,"A>U",438,8.77397260273973,"CxG"
"58","CAU>CCU",3663,"A>C",484,7.56818181818182,"CxU"
"59","CAU>CGU",9210,"A>G",484,19.0289256198347,"CxU"
"60","CAU>CUU",1731,"A>U",484,3.57644628099174,"CxU"
"61","CCA>CAA",1956,"C>A",354,5.52542372881356,"CxA"
"62","CCA>CGA",1236,"C>G",354,3.49152542372881,"CxA"
"63","CCA>CUA",25074,"C>U",354,70.8305084745763,"CxA"
"64","CCC>CAC",462,"C>A",116,3.98275862068966,"CxC"
"65","CCC>CGC",213,"C>G",116,1.83620689655172,"CxC"
"66","CCC>CUC",10179,"C>U",116,87.75,"CxC"
"67","CCG>CAG",1017,"C>A",74,13.7432432432432,"CxG"
"68","CCG>CGG",75,"C>G",74,1.01351351351351,"CxG"
"69","CCG>CUG",9894,"C>U",74,133.702702702703,"CxG"
"70","CCU>CAU",3561,"C>A",344,10.3517441860465,"CxU"
"71","CCU>CGU",990,"C>G",344,2.87790697674419,"CxU"
"72","CCU>CUU",23619,"C>U",344,68.6598837209302,"CxU"
"73","CGA>CAA",4509,"G>A",95,47.4631578947368,"CxA"
"74","CGA>CCA",1239,"G>C",95,13.0421052631579,"CxA"
"75","CGA>CUA",4080,"G>U",95,42.9473684210526,"CxA"
"76","CGC>CAC",5658,"G>A",97,58.3298969072165,"CxC"
"77","CGC>CCC",207,"G>C",97,2.1340206185567,"CxC"
"78","CGC>CUC",6054,"G>U",97,62.4123711340206,"CxC"
"79","CGG>CAG",6822,"G>A",76,89.7631578947368,"CxG"
"80","CGG>CCG",75,"G>C",76,0.986842105263158,"CxG"
"81","CGG>CUG",4350,"G>U",76,57.2368421052632,"CxG"
"82","CGU>CAU",9978,"G>A",171,58.3508771929825,"CxU"
"83","CGU>CCU",903,"G>C",171,5.28070175438596,"CxU"
"84","CGU>CUU",8142,"G>U",171,47.6140350877193,"CxU"
"85","CUA>CAA",3120,"U>A",561,5.56149732620321,"CxA"
"86","CUA>CCA",25146,"U>C",561,44.8235294117647,"CxA"
"87","CUA>CGA",3330,"U>G",561,5.93582887700535,"CxA"
"88","CUC>CAC",1017,"U>A",287,3.54355400696864,"CxC"
"89","CUC>CCC",10407,"U>C",287,36.2613240418118,"CxC"
"90","CUC>CGC",5403,"U>G",287,18.8257839721254,"CxC"
"91","CUG>CAG",3402,"U>A",495,6.87272727272727,"CxG"
"92","CUG>CCG",10581,"U>C",495,21.3757575757576,"CxG"
"93","CUG>CGG",3747,"U>G",495,7.56969696969697,"CxG"
"94","CUU>CAU",1554,"U>A",738,2.10569105691057,"CxU"
"95","CUU>CCU",23784,"U>C",738,32.2276422764228,"CxU"
"96","CUU>CGU",6702,"U>G",738,9.08130081300813,"CxU"
"97","GAA>GCA",1992,"A>C",535,3.72336448598131,"GxA"
"98","GAA>GGA",4974,"A>G",535,9.29719626168224,"GxA"
"99","GAA>GUA",1122,"A>U",535,2.09719626168224,"GxA"
"100","GAC>GCC",1044,"A>C",340,3.07058823529412,"GxC"
"101","GAC>GGC",4722,"A>G",340,13.8882352941176,"GxC"
"102","GAC>GUC",159,"A>U",340,0.467647058823529,"GxC"
"103","GAG>GCG",945,"A>C",297,3.18181818181818,"GxG"
"104","GAG>GGG",3675,"A>G",297,12.3737373737374,"GxG"
"105","GAG>GUG",855,"A>U",297,2.87878787878788,"GxG"
"106","GAU>GCU",2436,"A>C",440,5.53636363636364,"GxU"
"107","GAU>GGU",15822,"A>G",440,35.9590909090909,"GxU"
"108","GAU>GUU",354,"A>U",440,0.804545454545455,"GxU"
"109","GCA>GAA",1824,"C>A",372,4.90322580645161,"GxA"
"110","GCA>GGA",669,"C>G",372,1.79838709677419,"GxA"
"111","GCA>GUA",20181,"C>U",372,54.25,"GxA"
"112","GCC>GAC",927,"C>A",187,4.9572192513369,"GxC"
"113","GCC>GGC",87,"C>G",187,0.46524064171123,"GxC"
"114","GCC>GUC",9411,"C>U",187,50.3262032085562,"GxC"
"115","GCG>GAG",858,"C>A",88,9.75,"GxG"
"116","GCG>GGG",63,"C>G",88,0.715909090909091,"GxG"
"117","GCG>GUG",8403,"C>U",88,95.4886363636364,"GxG"
"118","GCU>GAU",2178,"C>A",521,4.18042226487524,"GxU"
"119","GCU>GGU",414,"C>G",521,0.794625719769674,"GxU"
"120","GCU>GUU",33564,"C>U",521,64.4222648752399,"GxU"
"121","GGA>GAA",5403,"G>A",282,19.1595744680851,"GxA"
"122","GGA>GCA",657,"G>C",282,2.32978723404255,"GxA"
"123","GGA>GUA",4743,"G>U",282,16.8191489361702,"GxA"
"124","GGC>GAC",5226,"G>A",223,23.4349775784753,"GxC"
"125","GGC>GCC",81,"G>C",223,0.36322869955157,"GxC"
"126","GGC>GUC",4935,"G>U",223,22.1300448430493,"GxC"
"127","GGG>GAG",3915,"G>A",134,29.2164179104478,"GxG"
"128","GGG>GCG",66,"G>C",134,0.492537313432836,"GxG"
"129","GGG>GUG",1506,"G>U",134,11.2388059701493,"GxG"
"130","GGU>GAU",17154,"G>A",454,37.784140969163,"GxU"
"131","GGU>GCU",390,"G>C",454,0.859030837004405,"GxU"
"132","GGU>GUU",6513,"G>U",454,14.3458149779736,"GxU"
"133","GUA>GAA",930,"U>A",469,1.98294243070362,"GxA"
"134","GUA>GCA",19848,"U>C",469,42.319829424307,"GxA"
"135","GUA>GGA",3804,"U>G",469,8.11087420042644,"GxA"
"136","GUC>GAC",174,"U>A",269,0.646840148698885,"GxC"
"137","GUC>GCC",9336,"U>C",269,34.7063197026022,"GxC"
"138","GUC>GGC",4176,"U>G",269,15.5241635687732,"GxC"
"139","GUG>GAG",750,"U>A",552,1.35869565217391,"GxG"
"140","GUG>GCG",8961,"U>C",552,16.2336956521739,"GxG"
"141","GUG>GGG",1314,"U>G",552,2.3804347826087,"GxG"
"142","GUU>GAU",291,"U>A",700,0.415714285714286,"GxU"
"143","GUU>GCU",32940,"U>C",700,47.0571428571429,"GxU"
"144","GUU>GGU",5373,"U>G",700,7.67571428571429,"GxU"
"145","UAA>UCA",1137,"A>C",719,1.58136300417246,"UxA"
"146","UAA>UGA",6912,"A>G",719,9.61335187760779,"UxA"
"147","UAA>UUA",2637,"A>U",719,3.66759388038943,"UxA"
"148","UAC>UCC",543,"A>C",609,0.891625615763547,"UxC"
"149","UAC>UGC",5364,"A>G",609,8.80788177339901,"UxC"
"150","UAC>UUC",609,"A>U",609,1,"UxC"
"151","UAG>UCG",504,"A>C",427,1.18032786885246,"UxG"
"152","UAG>UGG",9852,"A>G",427,23.0725995316159,"UxG"
"153","UAG>UUG",2520,"A>U",427,5.9016393442623,"UxG"
"154","UAU>UCU",1764,"A>C",622,2.83601286173633,"UxU"
"155","UAU>UGU",15702,"A>G",622,25.2443729903537,"UxU"
"156","UAU>UUU",1146,"A>U",622,1.84244372990354,"UxU"
"157","UCA>UAA",1131,"C>A",549,2.06010928961749,"UxA"
"158","UCA>UGA",2547,"C>G",549,4.63934426229508,"UxA"
"159","UCA>UUA",42777,"C>U",549,77.9180327868852,"UxA"
"160","UCC>UAC",546,"C>A",209,2.61244019138756,"UxC"
"161","UCC>UGC",246,"C>G",209,1.17703349282297,"UxC"
"162","UCC>UUC",17907,"C>U",209,85.6794258373206,"UxC"
"163","UCG>UAG",510,"C>A",113,4.51327433628319,"UxG"
"164","UCG>UGG",504,"C>G",113,4.46017699115044,"UxG"
"165","UCG>UUG",18798,"C>U",113,166.353982300885,"UxG"
"166","UCU>UAU",1845,"C>A",542,3.40405904059041,"UxU"
"167","UCU>UGU",1608,"C>G",542,2.96678966789668,"UxU"
"168","UCU>UUU",49989,"C>U",542,92.2306273062731,"UxU"
"169","UGA>UAA",7602,"G>A",630,12.0666666666667,"UxA"
"170","UGA>UCA",2553,"G>C",630,4.05238095238095,"UxA"
"171","UGA>UUA",13638,"G>U",630,21.647619047619,"UxA"
"172","UGC>UAC",5940,"G>A",547,10.8592321755027,"UxC"
"173","UGC>UCC",228,"G>C",547,0.416819012797075,"UxC"
"174","UGC>UUC",17097,"G>U",547,31.2559414990859,"UxC"
"175","UGG>UAG",10626,"G>A",554,19.1805054151625,"UxG"
"176","UGG>UCG",522,"G>C",554,0.942238267148014,"UxG"
"177","UGG>UUG",10911,"G>U",554,19.6949458483755,"UxG"
"178","UGU>UAU",16878,"G>A",858,19.6713286713287,"UxU"
"179","UGU>UCU",1479,"G>C",858,1.72377622377622,"UxU"
"180","UGU>UUU",26145,"G>U",858,30.472027972028,"UxU"
"181","UUA>UAA",2481,"U>A",876,2.83219178082192,"UxA"
"182","UUA>UCA",42057,"U>C",876,48.0102739726027,"UxA"
"183","UUA>UGA",11121,"U>G",876,12.6952054794521,"UxA"
"184","UUC>UAC",615,"U>A",518,1.18725868725869,"UxC"
"185","UUC>UCC",17877,"U>C",518,34.511583011583,"UxC"
"186","UUC>UGC",14286,"U>G",518,27.5791505791506,"UxC"
"187","UUG>UAG",2544,"U>A",817,3.11383108935129,"UxG"
"188","UUG>UCG",19026,"U>C",817,23.2876376988984,"UxG"
"189","UUG>UGG",8739,"U>G",817,10.6964504283966,"UxG"
"190","UUU>UAU",1155,"U>A",1004,1.1503984063745,"UxU"
"191","UUU>UCU",49245,"U>C",1004,49.0488047808765,"UxU"
"192","UUU>UGU",21237,"U>G",1004,21.152390438247,"UxU"
